Letter,IsFoC,PlanMistake,PlanTime,MemoMistake,MemoTime,MemoRecallTime,DoMistake,DoTime
D,False,,8.97971248626709,,0.27242088317871094,3.3038570880889893,,0.7034437656402588
C,True,,0.4159514904022217,,0.2635767459869385,0.4650125503540039,,0.18327116966247559
A,False,,0.3684427738189697,,0.17488551139831543,0.5128419399261475,,0.23909687995910645
C,False,,0.6804594993591309,,0.5534727573394775,0.7608959674835205,,1.606792688369751
end,False,,0.5903182029724121,,0.0,3.3923044204711914,,0.0
end,False,,4.3761608600616455,,0.0,1.3202950954437256,,0.0
